lago,fecha,indice,metodo,coeficiente,p_value,n_pares,direccion,magnitud,quality_flag_cianobacteria,quality_flag_indice,nota_inferencia
amatitlan,2025-01-28,ndvi,pearson,0.03013112,3.02484e-30,143791,positiva,muy_debil,calculado,calculado,p_value_exploratorio_por_autocorrelacion_espacial
amatitlan,2025-01-28,ndvi,spearman,0.07761494,5.9110017e-191,143791,positiva,muy_debil,calculado,calculado,p_value_exploratorio_por_autocorrelacion_espacial
amatitlan,2025-01-28,ndwi,pearson,0.01486904,1.7146909e-08,143791,positiva,muy_debil,calculado,calculado,p_value_exploratorio_por_autocorrelacion_espacial
amatitlan,2025-01-28,ndwi,spearman,0.00418045,0.11291878,143791,positiva,muy_debil,calculado,calculado,p_value_exploratorio_por_autocorrelacion_espacial
amatitlan,2025-04-15,ndvi,pearson,0.80261172,<1e-300,139503,positiva,muy_fuerte,calculado,calculado,p_value_exploratorio_por_autocorrelacion_espacial
amatitlan,2025-04-15,ndvi,spearman,0.82476383,<1e-300,139503,positiva,muy_fuerte,calculado,calculado,p_value_exploratorio_por_autocorrelacion_espacial
amatitlan,2025-04-15,ndwi,pearson,-0.59185743,<1e-300,139503,negativa,fuerte,calculado,calculado,p_value_exploratorio_por_autocorrelacion_espacial
amatitlan,2025-04-15,ndwi,spearman,-0.67057956,<1e-300,139503,negativa,fuerte,calculado,calculado,p_value_exploratorio_por_autocorrelacion_espacial
amatitlan,2025-04-28,ndvi,pearson,0.85553131,<1e-300,139812,positiva,muy_fuerte,calculado,calculado,p_value_exploratorio_por_autocorrelacion_espacial
amatitlan,2025-04-28,ndvi,spearman,0.88808874,<1e-300,139812,positiva,muy_fuerte,calculado,calculado,p_value_exploratorio_por_autocorrelacion_espacial
amatitlan,2025-04-28,ndwi,pearson,-0.73312994,<1e-300,139812,negativa,muy_fuerte,calculado,calculado,p_value_exploratorio_por_autocorrelacion_espacial
amatitlan,2025-04-28,ndwi,spearman,-0.85698657,<1e-300,139812,negativa,muy_fuerte,calculado,calculado,p_value_exploratorio_por_autocorrelacion_espacial
amatitlan,2025-11-24,ndvi,pearson,0.51969624,<1e-300,142654,positiva,fuerte,calculado,calculado,p_value_exploratorio_por_autocorrelacion_espacial
amatitlan,2025-11-24,ndvi,spearman,0.6055805,<1e-300,142654,positiva,fuerte,calculado,calculado,p_value_exploratorio_por_autocorrelacion_espacial
amatitlan,2025-11-24,ndwi,pearson,-0.48511411,<1e-300,142654,negativa,moderada,calculado,calculado,p_value_exploratorio_por_autocorrelacion_espacial
amatitlan,2025-11-24,ndwi,spearman,-0.50557361,<1e-300,142654,negativa,fuerte,calculado,calculado,p_value_exploratorio_por_autocorrelacion_espacial
amatitlan,2026-01-08,ndvi,pearson,0.5712355,<1e-300,140349,positiva,fuerte,calculado,calculado,p_value_exploratorio_por_autocorrelacion_espacial
amatitlan,2026-01-08,ndvi,spearman,0.72435165,<1e-300,140349,positiva,muy_fuerte,calculado,calculado,p_value_exploratorio_por_autocorrelacion_espacial
amatitlan,2026-01-08,ndwi,pearson,-0.60567682,<1e-300,140349,negativa,fuerte,calculado,calculado,p_value_exploratorio_por_autocorrelacion_espacial
amatitlan,2026-01-08,ndwi,spearman,-0.65682531,<1e-300,140349,negativa,fuerte,calculado,calculado,p_value_exploratorio_por_autocorrelacion_espacial
amatitlan,2026-02-02,ndvi,pearson,-0.04613289,3.5321501e-65,136440,negativa,muy_debil,calculado,calculado,p_value_exploratorio_por_autocorrelacion_espacial
amatitlan,2026-02-02,ndvi,spearman,-0.05890522,3.8342449e-105,136440,negativa,muy_debil,calculado,calculado,p_value_exploratorio_por_autocorrelacion_espacial
amatitlan,2026-02-02,ndwi,pearson,0.11425238,<1e-300,136440,positiva,debil,calculado,calculado,p_value_exploratorio_por_autocorrelacion_espacial
amatitlan,2026-02-02,ndwi,spearman,0.18204947,<1e-300,136440,positiva,debil,calculado,calculado,p_value_exploratorio_por_autocorrelacion_espacial
amatitlan,2026-02-07,ndvi,pearson,0.03822783,1.4477236e-47,143527,positiva,muy_debil,cobertura_parcial_oficial,cobertura_parcial_oficial,p_value_exploratorio_por_autocorrelacion_espacial
amatitlan,2026-02-07,ndvi,spearman,0.35604126,<1e-300,143527,positiva,moderada,cobertura_parcial_oficial,cobertura_parcial_oficial,p_value_exploratorio_por_autocorrelacion_espacial
amatitlan,2026-02-07,ndwi,pearson,-0.17597987,<1e-300,143533,negativa,debil,cobertura_parcial_oficial,cobertura_parcial_oficial,p_value_exploratorio_por_autocorrelacion_espacial
amatitlan,2026-02-07,ndwi,spearman,-0.46366157,<1e-300,143533,negativa,moderada,cobertura_parcial_oficial,cobertura_parcial_oficial,p_value_exploratorio_por_autocorrelacion_espacial
amatitlan,2026-03-29,ndvi,pearson,0.83529922,<1e-300,140681,positiva,muy_fuerte,calculado,calculado,p_value_exploratorio_por_autocorrelacion_espacial
amatitlan,2026-03-29,ndvi,spearman,0.63296409,<1e-300,140681,positiva,fuerte,calculado,calculado,p_value_exploratorio_por_autocorrelacion_espacial
amatitlan,2026-03-29,ndwi,pearson,-0.75115339,<1e-300,140681,negativa,muy_fuerte,calculado,calculado,p_value_exploratorio_por_autocorrelacion_espacial
amatitlan,2026-03-29,ndwi,spearman,-0.49148549,<1e-300,140681,negativa,moderada,calculado,calculado,p_value_exploratorio_por_autocorrelacion_espacial
amatitlan,2026-04-13,ndvi,pearson,0.66681644,<1e-300,140873,positiva,fuerte,calculado,calculado,p_value_exploratorio_por_autocorrelacion_espacial
amatitlan,2026-04-13,ndvi,spearman,0.62797362,<1e-300,140873,positiva,fuerte,calculado,calculado,p_value_exploratorio_por_autocorrelacion_espacial
amatitlan,2026-04-13,ndwi,pearson,0.0091767,0.00057246028,140873,positiva,muy_debil,calculado,calculado,p_value_exploratorio_por_autocorrelacion_espacial
amatitlan,2026-04-13,ndwi,spearman,0.07669213,9.8139254e-183,140873,positiva,muy_debil,calculado,calculado,p_value_exploratorio_por_autocorrelacion_espacial
amatitlan,2026-04-28,ndvi,pearson,0.91244519,<1e-300,129097,positiva,muy_fuerte,calculado,calculado,p_value_exploratorio_por_autocorrelacion_espacial
amatitlan,2026-04-28,ndvi,spearman,0.91446284,<1e-300,129097,positiva,muy_fuerte,calculado,calculado,p_value_exploratorio_por_autocorrelacion_espacial
amatitlan,2026-04-28,ndwi,pearson,-0.88683772,<1e-300,129097,negativa,muy_fuerte,calculado,calculado,p_value_exploratorio_por_autocorrelacion_espacial
amatitlan,2026-04-28,ndwi,spearman,-0.89617576,<1e-300,129097,negativa,muy_fuerte,calculado,calculado,p_value_exploratorio_por_autocorrelacion_espacial
amatitlan,2026-06-19,ndvi,pearson,0.72966008,<1e-300,141050,positiva,muy_fuerte,calculado,calculado,p_value_exploratorio_por_autocorrelacion_espacial
amatitlan,2026-06-19,ndvi,spearman,0.85879505,<1e-300,141050,positiva,muy_fuerte,calculado,calculado,p_value_exploratorio_por_autocorrelacion_espacial
amatitlan,2026-06-19,ndwi,pearson,-0.7338306,<1e-300,141050,negativa,muy_fuerte,calculado,calculado,p_value_exploratorio_por_autocorrelacion_espacial
amatitlan,2026-06-19,ndwi,spearman,-0.75290201,<1e-300,141050,negativa,muy_fuerte,calculado,calculado,p_value_exploratorio_por_autocorrelacion_espacial
atitlan,2025-01-18,ndvi,pearson,0.02816262,6.9748418e-210,1204725,positiva,muy_debil,revisar_valores_atipicos,revisar_valores_atipicos,p_value_exploratorio_por_autocorrelacion_espacial
atitlan,2025-01-18,ndvi,spearman,0.09752775,<1e-300,1204725,positiva,muy_debil,revisar_valores_atipicos,revisar_valores_atipicos,p_value_exploratorio_por_autocorrelacion_espacial
atitlan,2025-01-18,ndwi,pearson,0.01935257,1.7039202e-101,1221263,positiva,muy_debil,revisar_valores_atipicos,revisar_valores_atipicos,p_value_exploratorio_por_autocorrelacion_espacial
atitlan,2025-01-18,ndwi,spearman,0.09879664,<1e-300,1221263,positiva,muy_debil,revisar_valores_atipicos,revisar_valores_atipicos,p_value_exploratorio_por_autocorrelacion_espacial
atitlan,2025-04-13,ndvi,pearson,-0.01527053,9.2523626e-64,1218498,negativa,muy_debil,calculado,calculado,p_value_exploratorio_por_autocorrelacion_espacial
atitlan,2025-04-13,ndvi,spearman,0.02941986,1.897303e-231,1218498,positiva,muy_debil,calculado,calculado,p_value_exploratorio_por_autocorrelacion_espacial
atitlan,2025-04-13,ndwi,pearson,-4.909e-05,0.95678845,1218498,negativa,muy_debil,calculado,calculado,p_value_exploratorio_por_autocorrelacion_espacial
atitlan,2025-04-13,ndwi,spearman,-0.06903121,<1e-300,1218498,negativa,muy_debil,calculado,calculado,p_value_exploratorio_por_autocorrelacion_espacial
atitlan,2025-05-13,ndvi,pearson,0.0354262,<1e-300,1217531,positiva,muy_debil,calculado,calculado,p_value_exploratorio_por_autocorrelacion_espacial
atitlan,2025-05-13,ndvi,spearman,0.12731947,<1e-300,1217531,positiva,debil,calculado,calculado,p_value_exploratorio_por_autocorrelacion_espacial
atitlan,2025-05-13,ndwi,pearson,-0.34932273,<1e-300,1217531,negativa,moderada,calculado,calculado,p_value_exploratorio_por_autocorrelacion_espacial
atitlan,2025-05-13,ndwi,spearman,-0.49880001,<1e-300,1217531,negativa,moderada,calculado,calculado,p_value_exploratorio_por_autocorrelacion_espacial
atitlan,2025-07-17,ndvi,pearson,0.00903043,2.0748818e-22,1162816,positiva,muy_debil,revisar_valores_atipicos,calculado,p_value_exploratorio_por_autocorrelacion_espacial
atitlan,2025-07-17,ndvi,spearman,0.00213204,0.021501553,1162816,positiva,muy_debil,revisar_valores_atipicos,calculado,p_value_exploratorio_por_autocorrelacion_espacial
atitlan,2025-07-17,ndwi,pearson,-0.16323283,<1e-300,1163021,negativa,debil,revisar_valores_atipicos,calculado,p_value_exploratorio_por_autocorrelacion_espacial
atitlan,2025-07-17,ndwi,spearman,-0.37473837,<1e-300,1163021,negativa,moderada,revisar_valores_atipicos,calculado,p_value_exploratorio_por_autocorrelacion_espacial
atitlan,2025-11-21,ndvi,pearson,0.01692901,1.3600157e-77,1212965,positiva,muy_debil,revisar_valores_atipicos,revisar_valores_atipicos,p_value_exploratorio_por_autocorrelacion_espacial
atitlan,2025-11-21,ndvi,spearman,0.12869445,<1e-300,1212965,positiva,debil,revisar_valores_atipicos,revisar_valores_atipicos,p_value_exploratorio_por_autocorrelacion_espacial
atitlan,2025-11-21,ndwi,pearson,0.04435402,<1e-300,1218476,positiva,muy_debil,revisar_valores_atipicos,revisar_valores_atipicos,p_value_exploratorio_por_autocorrelacion_espacial
atitlan,2025-11-21,ndwi,spearman,0.13231968,<1e-300,1218476,positiva,debil,revisar_valores_atipicos,revisar_valores_atipicos,p_value_exploratorio_por_autocorrelacion_espacial
atitlan,2025-12-29,ndvi,pearson,0.01070753,3.3254503e-32,1217174,positiva,muy_debil,revisar_valores_atipicos,calculado,p_value_exploratorio_por_autocorrelacion_espacial
atitlan,2025-12-29,ndvi,spearman,0.08092495,<1e-300,1217174,positiva,muy_debil,revisar_valores_atipicos,calculado,p_value_exploratorio_por_autocorrelacion_espacial
atitlan,2025-12-29,ndwi,pearson,0.02757904,1.045846e-203,1218931,positiva,muy_debil,revisar_valores_atipicos,calculado,p_value_exploratorio_por_autocorrelacion_espacial
atitlan,2025-12-29,ndwi,spearman,0.23538928,<1e-300,1218931,positiva,debil,revisar_valores_atipicos,calculado,p_value_exploratorio_por_autocorrelacion_espacial
atitlan,2026-02-12,ndvi,pearson,0.03109399,2.6335212e-257,1213758,positiva,muy_debil,revisar_valores_atipicos,revisar_valores_atipicos,p_value_exploratorio_por_autocorrelacion_espacial
atitlan,2026-02-12,ndvi,spearman,0.22955765,<1e-300,1213758,positiva,debil,revisar_valores_atipicos,revisar_valores_atipicos,p_value_exploratorio_por_autocorrelacion_espacial
atitlan,2026-02-12,ndwi,pearson,0.02639402,1.1315769e-186,1218444,positiva,muy_debil,revisar_valores_atipicos,revisar_valores_atipicos,p_value_exploratorio_por_autocorrelacion_espacial
atitlan,2026-02-12,ndwi,spearman,0.13718131,<1e-300,1218444,positiva,debil,revisar_valores_atipicos,revisar_valores_atipicos,p_value_exploratorio_por_autocorrelacion_espacial
atitlan,2026-03-24,ndvi,pearson,-0.03332344,1.7716486e-296,1218939,negativa,muy_debil,calculado,calculado,p_value_exploratorio_por_autocorrelacion_espacial
atitlan,2026-03-24,ndvi,spearman,-0.05933345,<1e-300,1218939,negativa,muy_debil,calculado,calculado,p_value_exploratorio_por_autocorrelacion_espacial
atitlan,2026-03-24,ndwi,pearson,0.06133223,<1e-300,1218940,positiva,muy_debil,calculado,calculado,p_value_exploratorio_por_autocorrelacion_espacial
atitlan,2026-03-24,ndwi,spearman,0.19533357,<1e-300,1218940,positiva,debil,calculado,calculado,p_value_exploratorio_por_autocorrelacion_espacial
atitlan,2026-04-13,ndvi,pearson,0.04361634,<1e-300,1216030,positiva,muy_debil,calculado,calculado,p_value_exploratorio_por_autocorrelacion_espacial
atitlan,2026-04-13,ndvi,spearman,0.18355485,<1e-300,1216030,positiva,debil,calculado,calculado,p_value_exploratorio_por_autocorrelacion_espacial
atitlan,2026-04-13,ndwi,pearson,-0.39958814,<1e-300,1216095,negativa,moderada,calculado,calculado,p_value_exploratorio_por_autocorrelacion_espacial
atitlan,2026-04-13,ndwi,spearman,-0.57753119,<1e-300,1216095,negativa,fuerte,calculado,calculado,p_value_exploratorio_por_autocorrelacion_espacial
atitlan,2026-04-28,ndvi,pearson,0.10093752,<1e-300,1214975,positiva,debil,calculado,calculado,p_value_exploratorio_por_autocorrelacion_espacial
atitlan,2026-04-28,ndvi,spearman,0.23361909,<1e-300,1214975,positiva,debil,calculado,calculado,p_value_exploratorio_por_autocorrelacion_espacial
atitlan,2026-04-28,ndwi,pearson,-0.30981324,<1e-300,1214975,negativa,moderada,calculado,calculado,p_value_exploratorio_por_autocorrelacion_espacial
atitlan,2026-04-28,ndwi,spearman,-0.43547755,<1e-300,1214975,negativa,moderada,calculado,calculado,p_value_exploratorio_por_autocorrelacion_espacial
atitlan,2026-07-22,ndvi,pearson,0.02931025,1.3902392e-228,1212296,positiva,muy_debil,revisar_valores_atipicos,calculado,p_value_exploratorio_por_autocorrelacion_espacial
atitlan,2026-07-22,ndvi,spearman,0.21326881,<1e-300,1212296,positiva,debil,revisar_valores_atipicos,calculado,p_value_exploratorio_por_autocorrelacion_espacial
atitlan,2026-07-22,ndwi,pearson,-0.24558716,<1e-300,1212310,negativa,debil,revisar_valores_atipicos,calculado,p_value_exploratorio_por_autocorrelacion_espacial
atitlan,2026-07-22,ndwi,spearman,-0.5382739,<1e-300,1212310,negativa,fuerte,revisar_valores_atipicos,calculado,p_value_exploratorio_por_autocorrelacion_espacial
